Asset,Notional_Exposure,Exposure_%
BTC,2034413.2192014018,0.9585206278497707
ETH,88037.94156825061,0.041479372150229316
