Trader,Notional_Exposure,Exposure_%
Trader_A,1686464.7275747277,0.7945835262297269
Trader_B,82231.70723615323,0.038743745324313614
Trader_C,145724.49090776365,0.06865858381161544
Trader_D,37498.188462130915,0.017667397561474705
Trader_E,170532.04658887692,0.0803467470728692
